sample_id,split,expert_action,predicted_action,confidence,front_drivable_ratio,front_lane_ratio,front_undrivable_ratio,front_movable_ratio
7872_76c3bc6da8109da7_2019-01-05--11-05-09_43_833,test,SLOW_DOWN,STOP,1.0000,0.5877,0.0297,0.0051,0.0934
8036_20d7b1cac48ba3be_2019-05-09--11-17-32_4_969,test,MOVE_LEFT,STOP,1.0000,0.5339,0.0392,0.0288,0.0749
8200_9c8aa35b76ee0614_2019-01-22--17-28-20_16_185,test,STOP,STOP,1.0000,0.5161,0.0793,0.0134,0.1081
8364_c781d28eb01bcd34_2018-11-25--13-27-21_217_784,test,SLOW_DOWN,SLOW_DOWN,1.0000,0.5607,0.0956,0.0078,0.0703
8528_1bfe2f1b9fcec8d5_2018-12-12--20-30-51_26_824,test,KEEP_STRAIGHT,MOVE_LEFT,1.0000,0.6256,0.0264,0.0012,0.0582
8692_559a1f5393595bff_2019-05-30--17-56-06_63_933,test,SLOW_DOWN,STOP,1.0000,0.4851,0.0313,0.0963,0.1070
8856_8a4757f24b9dd69d_2019-06-02--08-19-54_10_449,test,KEEP_STRAIGHT,SLOW_DOWN,1.0000,0.6148,0.0306,0.0084,0.0312
h020_ce2d66e6f7110bf0_2019-04-18--10-54-53_3_382,test,STOP,SLOW_DOWN,1.0000,0.5689,0.1577,0.0286,0.0325
h184_fabe39b2189fed5c_2019-04-06--00-21-20_5_970,test,STOP,STOP,1.0000,0.2489,0.0299,0.2227,0.1204
h348_42dcbb1de537112c_2019-01-15--15-54-46_5_318,test,KEEP_STRAIGHT,STOP,1.0000,0.5463,0.0446,0.0007,0.1555
h512_ed36cf6d35b72378_2018-12-04--22-00-07_17_894,test,STOP,STOP,1.0000,0.4861,0.1307,0.0260,0.1451
h676_ed36cf6d35b72378_2018-12-02--00-17-24_3_22,test,STOP,STOP,1.0000,0.4620,0.1864,0.0002,0.2450
