sample_id,split,image_path,mask_path
0000_0085e9e41513078a_2018-08-19--13-26-08_11_864,train,0000_0085e9e41513078a_2018-08-19--13-26-08_11_864.png,0000_0085e9e41513078a_2018-08-19--13-26-08_11_864.png
0164_c4289221cf16a21c_2018-09-30--18-54-04_80_674,train,0164_c4289221cf16a21c_2018-09-30--18-54-04_80_674.png,0164_c4289221cf16a21c_2018-09-30--18-54-04_80_674.png
0328_cc95b190addd9c30_2018-11-07--21-32-46_7_867,train,0328_cc95b190addd9c30_2018-11-07--21-32-46_7_867.png,0328_cc95b190addd9c30_2018-11-07--21-32-46_7_867.png
0492_fbd011384db5e669_2018-08-06--15-19-28_24_336,train,0492_fbd011384db5e669_2018-08-06--15-19-28_24_336.png,0492_fbd011384db5e669_2018-08-06--15-19-28_24_336.png
0656_cc0342d8a2184b9d_2018-06-19--23-16-18_28_1085,train,0656_cc0342d8a2184b9d_2018-06-19--23-16-18_28_1085.png,0656_cc0342d8a2184b9d_2018-06-19--23-16-18_28_1085.png
0820_2017309f22223f1b_2018-06-11--01-30-09_8_1097,train,0820_2017309f22223f1b_2018-06-11--01-30-09_8_1097.png,0820_2017309f22223f1b_2018-06-11--01-30-09_8_1097.png
0984_c0b1a80d2392173a_2018-08-14--20-19-37_94_778,train,0984_c0b1a80d2392173a_2018-08-14--20-19-37_94_778.png,0984_c0b1a80d2392173a_2018-08-14--20-19-37_94_778.png
1148_033036500e8ede52_2018-09-10--13-59-34_41_859,train,1148_033036500e8ede52_2018-09-10--13-59-34_41_859.png,1148_033036500e8ede52_2018-09-10--13-59-34_41_859.png
1312_99c94dc769b5d96e_2018-07-25--20-08-21_7_445,train,1312_99c94dc769b5d96e_2018-07-25--20-08-21_7_445.png,1312_99c94dc769b5d96e_2018-07-25--20-08-21_7_445.png
1476_0812e2149c1b5609_2018-06-01--10-02-36_16_603,train,1476_0812e2149c1b5609_2018-06-01--10-02-36_16_603.png,1476_0812e2149c1b5609_2018-06-01--10-02-36_16_603.png
1640_5e66baa66592fc5d_2018-07-23--19-20-50_16_1137,train,1640_5e66baa66592fc5d_2018-07-23--19-20-50_16_1137.png,1640_5e66baa66592fc5d_2018-07-23--19-20-50_16_1137.png
1804_052a0713d2d1efa6_2018-10-30--22-53-53_1_758,train,1804_052a0713d2d1efa6_2018-10-30--22-53-53_1_758.png,1804_052a0713d2d1efa6_2018-10-30--22-53-53_1_758.png
1968_807f77aac0daa4b6_2018-09-24--13-32-23_84_1141,train,1968_807f77aac0daa4b6_2018-09-24--13-32-23_84_1141.png,1968_807f77aac0daa4b6_2018-09-24--13-32-23_84_1141.png
2132_855194471f3a9afd_2018-09-09--04-50-50_20_704,train,2132_855194471f3a9afd_2018-09-09--04-50-50_20_704.png,2132_855194471f3a9afd_2018-09-09--04-50-50_20_704.png
2296_088376fd1d121661_2018-07-03--21-50-21_18_547,train,2296_088376fd1d121661_2018-07-03--21-50-21_18_547.png,2296_088376fd1d121661_2018-07-03--21-50-21_18_547.png
2460_c4289221cf16a21c_2018-10-14--17-42-28_5_1143,train,2460_c4289221cf16a21c_2018-10-14--17-42-28_5_1143.png,2460_c4289221cf16a21c_2018-10-14--17-42-28_5_1143.png
2624_fd781f4281bf45a8_2018-10-01--09-15-14_12_218,train,2624_fd781f4281bf45a8_2018-10-01--09-15-14_12_218.png,2624_fd781f4281bf45a8_2018-10-01--09-15-14_12_218.png
2788_a08a21b85dd729fa_2018-07-24--16-53-17_21_564,train,2788_a08a21b85dd729fa_2018-07-24--16-53-17_21_564.png,2788_a08a21b85dd729fa_2018-07-24--16-53-17_21_564.png
2952_6a8d7ed93e936b4d_2018-08-27--17-10-15_41_875,train,2952_6a8d7ed93e936b4d_2018-08-27--17-10-15_41_875.png,2952_6a8d7ed93e936b4d_2018-08-27--17-10-15_41_875.png
3116_b5e785c1fc446ed0_2018-08-30--06-00-20_11_49,train,3116_b5e785c1fc446ed0_2018-08-30--06-00-20_11_49.png,3116_b5e785c1fc446ed0_2018-08-30--06-00-20_11_49.png
3280_01fc1dd4694dd37b_2018-08-19--01-11-52_18_1127,train,3280_01fc1dd4694dd37b_2018-08-19--01-11-52_18_1127.png,3280_01fc1dd4694dd37b_2018-08-19--01-11-52_18_1127.png
3444_8c1cf5b2f2ec478a_2018-06-28--00-01-28_28_521,train,3444_8c1cf5b2f2ec478a_2018-06-28--00-01-28_28_521.png,3444_8c1cf5b2f2ec478a_2018-06-28--00-01-28_28_521.png
3608_aee00e7a217cbe97_2018-11-06--14-02-24_10_603,train,3608_aee00e7a217cbe97_2018-11-06--14-02-24_10_603.png,3608_aee00e7a217cbe97_2018-11-06--14-02-24_10_603.png
3772_8819eca74f12f21f_2018-08-17--20-11-08_8_67,train,3772_8819eca74f12f21f_2018-08-17--20-11-08_8_67.png,3772_8819eca74f12f21f_2018-08-17--20-11-08_8_67.png
3936_eaf5b080e5d268d0_2018-10-22--11-44-15_62_595,train,3936_eaf5b080e5d268d0_2018-10-22--11-44-15_62_595.png,3936_eaf5b080e5d268d0_2018-10-22--11-44-15_62_595.png
4100_b5e785c1fc446ed0_2018-08-09--07-06-23_53_298,train,4100_b5e785c1fc446ed0_2018-08-09--07-06-23_53_298.png,4100_b5e785c1fc446ed0_2018-08-09--07-06-23_53_298.png
4264_aee00e7a217cbe97_2018-08-05--23-27-33_3_938,train,4264_aee00e7a217cbe97_2018-08-05--23-27-33_3_938.png,4264_aee00e7a217cbe97_2018-08-05--23-27-33_3_938.png
4428_0812e2149c1b5609_2018-08-20--11-41-21_29_104,train,4428_0812e2149c1b5609_2018-08-20--11-41-21_29_104.png,4428_0812e2149c1b5609_2018-08-20--11-41-21_29_104.png
4592_0085e9e41513078a_2018-08-21--13-27-25_14_1168,train,4592_0085e9e41513078a_2018-08-21--13-27-25_14_1168.png,4592_0085e9e41513078a_2018-08-21--13-27-25_14_1168.png
4756_74968f35558107f4_2018-08-25--22-25-06_16_731,train,4756_74968f35558107f4_2018-08-25--22-25-06_16_731.png,4756_74968f35558107f4_2018-08-25--22-25-06_16_731.png
4920_5e66baa66592fc5d_2018-07-18--20-11-03_12_969,train,4920_5e66baa66592fc5d_2018-07-18--20-11-03_12_969.png,4920_5e66baa66592fc5d_2018-07-18--20-11-03_12_969.png
5084_8abd02b75697b087_2019-04-02--01-56-26_37_1150,train,5084_8abd02b75697b087_2019-04-02--01-56-26_37_1150.png,5084_8abd02b75697b087_2019-04-02--01-56-26_37_1150.png
5248_098646b398495696_2019-05-12--13-21-27_4_269,train,5248_098646b398495696_2019-05-12--13-21-27_4_269.png,5248_098646b398495696_2019-05-12--13-21-27_4_269.png
5412_052a0713d2d1efa6_2019-02-28--14-06-18_1_550,train,5412_052a0713d2d1efa6_2019-02-28--14-06-18_1_550.png,5412_052a0713d2d1efa6_2019-02-28--14-06-18_1_550.png
5576_284b5311c51101fe_2018-12-14--18-15-38_8_693,train,5576_284b5311c51101fe_2018-12-14--18-15-38_8_693.png,5576_284b5311c51101fe_2018-12-14--18-15-38_8_693.png
5740_350606bdacff0832_2019-05-23--21-42-11_20_433,train,5740_350606bdacff0832_2019-05-23--21-42-11_20_433.png,5740_350606bdacff0832_2019-05-23--21-42-11_20_433.png
5904_4a94a6860d1a2760_2019-05-01--19-54-53_1_783,train,5904_4a94a6860d1a2760_2019-05-01--19-54-53_1_783.png,5904_4a94a6860d1a2760_2019-05-01--19-54-53_1_783.png
6068_7a924b0c0bcc3942_2019-04-29--17-45-38_4_1088,train,6068_7a924b0c0bcc3942_2019-04-29--17-45-38_4_1088.png,6068_7a924b0c0bcc3942_2019-04-29--17-45-38_4_1088.png
6232_92c1e126f0e52b85_2018-10-15--08-06-30_19_864,train,6232_92c1e126f0e52b85_2018-10-15--08-06-30_19_864.png,6232_92c1e126f0e52b85_2018-10-15--08-06-30_19_864.png
6396_afda94400155f7d2_2018-06-25--18-00-57_7_25,train,6396_afda94400155f7d2_2018-06-25--18-00-57_7_25.png,6396_afda94400155f7d2_2018-06-25--18-00-57_7_25.png
6560_61661c1451963b21_2019-05-20--22-24-34_19_983,train,6560_61661c1451963b21_2019-05-20--22-24-34_19_983.png,6560_61661c1451963b21_2019-05-20--22-24-34_19_983.png
6724_1bdfffd58910b432_2018-07-22--14-03-13_10_964,train,6724_1bdfffd58910b432_2018-07-22--14-03-13_10_964.png,6724_1bdfffd58910b432_2018-07-22--14-03-13_10_964.png
6888_ad8e8d45f6994740_2019-05-15--13-16-57_24_65,train,6888_ad8e8d45f6994740_2019-05-15--13-16-57_24_65.png,6888_ad8e8d45f6994740_2019-05-15--13-16-57_24_65.png
7052_ea703c4d30f78286_2018-09-18--03-28-38_1_1006,train,7052_ea703c4d30f78286_2018-09-18--03-28-38_1_1006.png,7052_ea703c4d30f78286_2018-09-18--03-28-38_1_1006.png
7216_57cb1e20095d6a2d_2018-11-07--18-56-44_32_1101,train,7216_57cb1e20095d6a2d_2018-11-07--18-56-44_32_1101.png,7216_57cb1e20095d6a2d_2018-11-07--18-56-44_32_1101.png
7380_a3eaac81ac3ff81d_2019-02-25--11-44-50_57_1081,train,7380_a3eaac81ac3ff81d_2019-02-25--11-44-50_57_1081.png,7380_a3eaac81ac3ff81d_2019-02-25--11-44-50_57_1081.png
7544_c781d28eb01bcd34_2019-04-11--00-13-15_5_254,train,7544_c781d28eb01bcd34_2019-04-11--00-13-15_5_254.png,7544_c781d28eb01bcd34_2019-04-11--00-13-15_5_254.png
7708_8abd02b75697b087_2019-02-28--03-17-58_5_1128,train,7708_8abd02b75697b087_2019-02-28--03-17-58_5_1128.png,7708_8abd02b75697b087_2019-02-28--03-17-58_5_1128.png
7872_76c3bc6da8109da7_2019-01-05--11-05-09_43_833,test,7872_76c3bc6da8109da7_2019-01-05--11-05-09_43_833.png,7872_76c3bc6da8109da7_2019-01-05--11-05-09_43_833.png
8036_20d7b1cac48ba3be_2019-05-09--11-17-32_4_969,test,8036_20d7b1cac48ba3be_2019-05-09--11-17-32_4_969.png,8036_20d7b1cac48ba3be_2019-05-09--11-17-32_4_969.png
8200_9c8aa35b76ee0614_2019-01-22--17-28-20_16_185,test,8200_9c8aa35b76ee0614_2019-01-22--17-28-20_16_185.png,8200_9c8aa35b76ee0614_2019-01-22--17-28-20_16_185.png
8364_c781d28eb01bcd34_2018-11-25--13-27-21_217_784,test,8364_c781d28eb01bcd34_2018-11-25--13-27-21_217_784.png,8364_c781d28eb01bcd34_2018-11-25--13-27-21_217_784.png
8528_1bfe2f1b9fcec8d5_2018-12-12--20-30-51_26_824,test,8528_1bfe2f1b9fcec8d5_2018-12-12--20-30-51_26_824.png,8528_1bfe2f1b9fcec8d5_2018-12-12--20-30-51_26_824.png
8692_559a1f5393595bff_2019-05-30--17-56-06_63_933,test,8692_559a1f5393595bff_2019-05-30--17-56-06_63_933.png,8692_559a1f5393595bff_2019-05-30--17-56-06_63_933.png
8856_8a4757f24b9dd69d_2019-06-02--08-19-54_10_449,test,8856_8a4757f24b9dd69d_2019-06-02--08-19-54_10_449.png,8856_8a4757f24b9dd69d_2019-06-02--08-19-54_10_449.png
h020_ce2d66e6f7110bf0_2019-04-18--10-54-53_3_382,test,h020_ce2d66e6f7110bf0_2019-04-18--10-54-53_3_382.png,h020_ce2d66e6f7110bf0_2019-04-18--10-54-53_3_382.png
h184_fabe39b2189fed5c_2019-04-06--00-21-20_5_970,test,h184_fabe39b2189fed5c_2019-04-06--00-21-20_5_970.png,h184_fabe39b2189fed5c_2019-04-06--00-21-20_5_970.png
h348_42dcbb1de537112c_2019-01-15--15-54-46_5_318,test,h348_42dcbb1de537112c_2019-01-15--15-54-46_5_318.png,h348_42dcbb1de537112c_2019-01-15--15-54-46_5_318.png
h512_ed36cf6d35b72378_2018-12-04--22-00-07_17_894,test,h512_ed36cf6d35b72378_2018-12-04--22-00-07_17_894.png,h512_ed36cf6d35b72378_2018-12-04--22-00-07_17_894.png
h676_ed36cf6d35b72378_2018-12-02--00-17-24_3_22,test,h676_ed36cf6d35b72378_2018-12-02--00-17-24_3_22.png,h676_ed36cf6d35b72378_2018-12-02--00-17-24_3_22.png
